frame_seq,segment_id,segment_first,frame_us,frame_tid,rg_call_seq,rg_us,rg_overlap_us,rg_overlap_pct,rg_tid,t1_count,t1_us,t1_max_us,pre_t1_us,inter_t1_gap_us,max_t1_gap_us,max_t1_gap_after_index,post_t1_us,outside_t1_us
961,1,false,30741,12652,2136,3073,3073.000,9.996,12652,103,1450,304,1,24,0,1,1596,1622
2250,1,false,69293,12652,3317,2888,2888.200,4.168,12652,104,1269,176,2,27,0,64,1588,1618
3432,1,false,26511,12652,4398,10874,10874.000,41.017,12652,111,9459,8332,2,34,1,1,1377,1414
4395,1,false,25034,12652,5281,5544,5544.000,22.146,12652,105,2984,1086,14,31,1,68,2513,2559
5032,1,false,26208,12652,5865,13041,13041.600,49.762,12652,112,4517,1955,8,44,1,1,8471,8524
5690,1,false,32107,12652,6468,6523,6523.400,20.318,12652,134,3684,1715,2,42,1,17,2795,2839
13385,1,false,33751,12652,13522,10979,10979.400,32.531,12652,108,5570,1137,2,62,1,68,5343,5408
13728,1,false,29290,12652,13836,5730,5730.700,19.565,12652,112,3131,716,2,30,0,76,2566,2599
16769,1,false,30880,12652,16624,6184,6184.000,20.026,12652,116,3453,1312,2,36,1,17,2691,2730
25571,1,false,32921,12652,24692,18232,18232.300,55.382,12652,109,16517,15168,2,41,1,1,1671,1714
34881,1,false,28527,12652,33226,5147,5147.900,18.046,12652,110,2700,725,13,39,1,17,2395,2447
39894,1,false,25633,12652,37822,10197,10197.300,39.782,12652,118,4247,1516,2,44,2,69,5903,5949
39902,1,false,25906,12652,37829,13002,13002.300,50.190,12652,120,6917,2270,3,73,2,71,6008,6085
44142,1,false,61196,12652,41712,49720,49720.000,81.247,12652,127,3652,1342,2,37,1,78,46028,46068
47207,1,false,26781,12652,44519,12281,12281.800,45.860,12652,123,6377,1742,3,63,2,80,5837,5904
52880,2,false,32664,12652,49848,18184,18184.500,55.671,12652,89,2030,354,1,23,1,47,16128,16154
