event_seq,frame_seq,segment_id,segment_first,qpc_start,qpc_end,frame_duration_ticks,frame_duration_us,frame_thread_id,rg_overlap_count,rg_overlap_union_ticks,rg_overlap_union_us,overlap_pct,residual_us,max_rg_call_seq,max_rg_duration_us,max_rg_overlap_us,max_rg_thread_id,all_rg_threads_match_frame,rg_calls
1,1,1,true,282246606660,282247363556,756896,75689,3384,1,86694,8669.400,11.454,67019.600,1720,8669,8669.400,3384,true,1720:8669:8669.400:3384
4842,4842,2,false,283154215506,283154507072,291566,29156,3384,1,38497,3849.700,13.204,25306.300,6763,3849,3849.700,3384,true,6763:3849:3849.700:3384
6762,6762,2,false,283474206754,283474673019,466265,46626,3384,1,321611,32161.100,68.977,14464.900,8523,32161,32161.100,3384,true,8523:32161:32161.100:3384
7479,7479,2,false,283592310242,283592562812,252570,25257,3384,1,100799,10079.900,39.909,15177.100,9179,10079,10079.900,3384,true,9179:10079:10079.900:3384
9615,9615,2,false,283948296293,283948619151,322858,32285,3384,1,188682,18868.200,58.443,13416.800,11137,18868,18868.200,3384,true,11137:18868:18868.200:3384
10139,10139,2,false,284035743552,284036098339,354787,35478,3384,1,45988,4598.800,12.962,30879.200,11618,4598,4598.800,3384,true,11618:4598:4598.800:3384
12618,12618,2,false,284448833269,284449119884,286615,28661,3384,1,153890,15389.000,53.693,13272.000,13890,15389,15389.000,3384,true,13890:15389:15389.000:3384
18659,18659,3,false,285514364553,285514618980,254427,25442,3384,1,106390,10639.000,41.817,14803.000,19797,10639,10639.000,3384,true,19797:10639:10639.000:3384
20108,20108,3,false,285755809148,285756098575,289427,28942,3384,1,161289,16128.900,55.728,12813.100,21125,16128,16128.900,3384,true,21125:16128:16128.900:3384
24710,24710,3,false,286522692151,286522991761,299610,29961,3384,1,171926,17192.600,57.383,12768.400,25343,17192,17192.600,3384,true,25343:17192:17192.600:3384
27696,27696,3,false,287020497913,287020770557,272644,27264,3384,1,129533,12953.300,47.511,14310.700,28081,12953,12953.300,3384,true,28081:12953:12953.300:3384
29520,29520,4,false,287345583135,287345908834,325699,32569,3384,1,216537,21653.700,66.486,10915.300,29869,21653,21653.700,3384,true,29869:21653:21653.700:3384
